{"cameraMode":{"drawMode":0,"name":"Shaded","section":"Shading Mode"},"sceneLighting":true,"audioPlay":false,"sceneViewState":{"m_AlwaysRefresh":false,"showFog":true,"showSkybox":true,"showFlares":true,"showImageEffects":true,"showParticleSystems":true,"showVisualEffectGraphs":true,"m_FxEnabled":true},"in2DMode":false,"pivot":{"x":82.58096313476563,"y":21.31686782836914,"z":-7.4390869140625},"rotation":{"x":0.026986632496118547,"y":0.028486113995313646,"z":-0.0008311263518407941,"w":0.9993131756782532},"size":101.99999237060547,"orthographic":true}