{"cameraMode":{"drawMode":0,"name":"Shaded","section":"Shading Mode"},"sceneLighting":true,"audioPlay":false,"sceneViewState":{"m_AlwaysRefresh":false,"showFog":true,"showSkybox":true,"showFlares":true,"showImageEffects":true,"showParticleSystems":true,"showVisualEffectGraphs":true,"m_FxEnabled":true},"in2DMode":false,"pivot":{"x":5.939430236816406,"y":3.3671817779541017,"z":95.09588623046875},"rotation":{"x":0.011988980695605278,"y":-0.03266328200697899,"z":0.0006073318654671311,"w":0.999523937702179},"size":76.10944366455078,"orthographic":true}