{"cameraMode":{"drawMode":0,"name":"Shaded","section":"Shading Mode"},"sceneLighting":true,"audioPlay":false,"sceneViewState":{"m_AlwaysRefresh":false,"showFog":true,"showSkybox":true,"showFlares":true,"showImageEffects":true,"showParticleSystems":true,"showVisualEffectGraphs":true,"m_FxEnabled":true},"in2DMode":false,"pivot":{"x":0.1051931381225586,"y":22.043193817138673,"z":97.67253875732422},"rotation":{"x":0.5079508423805237,"y":-0.49204906821250918,"z":0.501621663570404,"w":0.49831461906433108},"size":25.101226806640626,"orthographic":true}