{"cameraMode":{"drawMode":0,"name":"Shaded","section":"Shading Mode"},"sceneLighting":true,"audioPlay":false,"sceneViewState":{"m_AlwaysRefresh":false,"showFog":true,"showSkybox":true,"showFlares":true,"showImageEffects":true,"showParticleSystems":true,"showVisualEffectGraphs":true,"m_FxEnabled":true},"in2DMode":false,"pivot":{"x":14.922443389892579,"y":22.30055809020996,"z":109.52046966552735},"rotation":{"x":-0.01483232993632555,"y":-0.9264522194862366,"z":0.37434113025665285,"w":-0.03670836612582207},"size":11.177373886108399,"orthographic":true}