{"cameraMode":{"drawMode":0,"name":"Shaded","section":"Shading Mode"},"sceneLighting":false,"audioPlay":false,"sceneViewState":{"m_AlwaysRefresh":false,"showFog":true,"showSkybox":false,"showFlares":true,"showImageEffects":true,"showParticleSystems":true,"showVisualEffectGraphs":true,"m_FxEnabled":true},"in2DMode":false,"pivot":{"x":-110.81873321533203,"y":155.05233764648438,"z":20.6383056640625},"rotation":{"x":0.09090099483728409,"y":0.10140172392129898,"z":-0.009353811852633953,"w":0.9907284379005432},"size":798.4962768554688,"orthographic":true}