{"cameraMode":{"drawMode":0,"name":"Shaded","section":"Shading Mode"},"sceneLighting":false,"audioPlay":false,"sceneViewState":{"m_AlwaysRefresh":false,"showFog":true,"showSkybox":false,"showFlares":true,"showImageEffects":true,"showParticleSystems":true,"showVisualEffectGraphs":true,"m_FxEnabled":true},"in2DMode":false,"pivot":{"x":13.585869789123536,"y":19.202329635620118,"z":108.16312408447266},"rotation":{"x":-0.00034407596103847027,"y":-0.9967735409736633,"z":0.08031242340803147,"w":-0.00419026892632246},"size":17.507726669311525,"orthographic":true}