{"cameraMode":{"drawMode":0,"name":"Shaded","section":"Shading Mode"},"sceneLighting":false,"audioPlay":false,"sceneViewState":{"m_AlwaysRefresh":false,"showFog":true,"showSkybox":false,"showFlares":true,"showImageEffects":true,"showParticleSystems":true,"showVisualEffectGraphs":true,"m_FxEnabled":true},"in2DMode":false,"pivot":{"x":12.87360954284668,"y":28.561017990112306,"z":97.750244140625},"rotation":{"x":0.14535002410411836,"y":0.18463225662708283,"z":-0.027698742225766183,"w":0.9716769456863403},"size":3.1480963230133058,"orthographic":true}